{"cameraMode":{"drawMode":0,"name":"Shaded","section":"Shading Mode"},"sceneLighting":true,"audioPlay":false,"sceneViewState":{"m_AlwaysRefresh":false,"showFog":true,"showSkybox":true,"showFlares":true,"showImageEffects":true,"showParticleSystems":true,"showVisualEffectGraphs":true,"m_FxEnabled":true},"in2DMode":false,"pivot":{"x":-8.196052551269532,"y":0.8752501606941223,"z":-4.1998724937438969},"rotation":{"x":0.31810036301612856,"y":-0.5344771146774292,"z":0.2268548607826233,"w":0.7494550943374634},"size":2.4275248050689699,"orthographic":true}